SpeciesID,SpeciesName,ConservationStatus,Habitat,RegionID,Population,AverageSize,MaxSize,LifeSpan,CommercialValue,CatchLimit,BreedingSeason,ImageURL
1,Salmon,Vulnerable,Freshwater,1,120000,75.00,85.00,7,20.00,15000.00,Summer,https://scottishwildlifetrust.org.uk/wp-content/uploads/2019/03/Salmon-Charlie-Phillips_EDITED.jpg
2,Tuna,Endangered,Marine,2,50000,200.00,250.00,15,150.00,20000.00,Summer,https://i0.wp.com/bluefina.com/wp-content/uploads/2021/08/pacific-bluefin.webp?fit=929%2C624&ssl=1
3,Grouper,"Least Concern","Coral Reef",3,80000,60.00,80.00,10,30.00,10000.00,Winter,"https://www.blueocean-eg.com/photos/news/Grouper%20fish,%20Red%20Sea,%20Marsa%20Alam_a711c_lg.jpg"
4,Anchovy,"Near Threatened",Marine,4,200000,25.00,30.00,3,5.00,5000.00,Spring,https://a-z-animals.com/media/anchovies-1.jpg
5,Swordfish,Endangered,Pelagic,5,15000,250.00,300.00,12,200.00,25000.00,Summer,https://fishing-guides-slovenia.b-cdn.net/wp-content/uploads/swordfish-2-1024x682.webp
6,Char,"Least Concern",Freshwater,6,30000,50.00,60.00,10,10.00,8000.00,Fall,https://a-z-animals.com/media/2022/08/shutterstock_1454856311.jpg
7,Toothfish,Endangered,Marine,7,12000,100.00,120.00,15,180.00,22000.00,Winter,https://www.capbourbon.fr/wp-content/uploads/2017/03/cap-bourbon-la-legine-en-profondeurs.jpg
8,"Baltic Herring","Least Concern",Marine,8,500000,30.00,40.00,4,7.00,4000.00,Summer,https://helcom.fi/wp-content/uploads/2019/08/Baltic-herring-Riku-Lumiaro-SYKE-1024x576.jpg
9,"Red Sea Snapper","Near Threatened","Coral Reef",9,60000,45.00,55.00,6,25.00,7000.00,Spring,https://s3.amazonaws.com/media.jungledragon.com/images/2994/43074_medium.jpg?AWSAccessKeyId=05GMT0V3GWVNE7GGM1R2&Expires=1725494410&Signature=9OCf792CWF55xVPHGUxYsuQip6o%3D
10,"Great Lakes Walleye","Least Concern",Freshwater,10,100000,50.00,70.00,10,15.00,6000.00,Fall,https://oodmag.com/wp-content/uploads/2017/07/Walleye-W-2500-resized.jpg
11,Shrimp,Vulnerable,Marine,11,200000,15.00,20.00,2,2.00,3000.00,Summer,https://www.scuba.com/blog/wp-content/uploads/2014/05/shutterstock_107258144.jpg
12,Cod,"Near Threatened",Marine,14,45000,80.00,100.00,8,40.00,12000.00,Winter,https://cdn.britannica.com/14/229414-050-296A8E37/Atlantic-cod-Gadus-morhua-fish.jpg
13,Mackerel,"Least Concern",Pelagic,15,120000,40.00,50.00,6,20.00,8000.00,Summer,https://upload.wikimedia.org/wikipedia/commons/e/ef/GomaSB.jpg
14,"Pacific Halibut","Near Threatened",Marine,2,30000,100.00,150.00,15,60.00,12000.00,Winter,https://images.twnmm.com/c55i45ef3o2a/4xghMAiI9lZMqP47ALfBN8/ec49f050099585c9946ccc8fff571273/GettyImages-1694034497.jpg?fm=webp&q=80&w=3840
15,"Australian Barramundi","Least Concern",Freshwater,3,70000,90.00,120.00,10,45.00,9000.00,Spring,https://cdn.britannica.com/88/254188-050-6247487C/Close-up-of-a-Barramundi-swimming.jpg
16,"Norwegian Herring","Least Concern",Marine,4,200000,25.00,35.00,5,10.00,5000.00,Summer,https://www.shutterstock.com/image-photo/school-sardines-swimming-left-right-600nw-1715467270.jpg
17,Catfish,Vulnerable,Freshwater,5,60000,50.00,70.00,8,25.00,7000.00,Fall,https://assets.caboosecms.com/posts/3853_huge.jpg?1534868218
18,"Hawaiian Mahi Mahi","Least Concern",Marine,9,50000,50.00,70.00,6,30.00,5000.00,Spring,https://www.aftco.com/cdn/shop/articles/dorado_1280x720_20c8b0f0-18ce-42a3-97d1-da56c8feb973.jpg?format=webp&v=1500401384&width=1100
19,"Alaskan Pollock","Least Concern",Marine,10,100000,40.00,60.00,9,15.00,7000.00,Fall,https://upload.wikimedia.org/wikipedia/commons/8/8e/Pollachius_pollachius_aquarium.jpg
20,"South African Yellowtail","Least Concern",Marine,12,40000,60.00,80.00,10,50.00,7000.00,Spring,https://www.aquarium.co.za/uploads/files/_1200x630_crop_center-center_82_none/yellowtail.jpg?mtime=1667306304
21,"Japanese Amberjack","Near Threatened",Marine,13,20000,80.00,100.00,12,60.00,8000.00,Summer,https://upload.wikimedia.org/wikipedia/commons/thumb/1/19/Yellowtail_amberjack.jpg/1200px-Yellowtail_amberjack.jpg
22,"Bering Sea Crab","Least Concern",Marine,14,50000,30.00,40.00,5,25.00,4000.00,Fall,https://alaskabeacon.com/wp-content/uploads/2022/11/5114130573_c04b24d011_o-1536x1046.jpg
23,"Mongolian Carp","Least Concern",Freshwater,15,60000,50.00,70.00,8,20.00,5000.00,Winter,https://cdn.britannica.com/34/199834-050-ACEB68C7/Carp.jpg
